query_group,example_queries,intent,target,fit,intent_score,differentiation,conversion_proximity,usefulness,competition_cost,heuristic_score,priority,volume,kd,cpc,decision
"compare completed workouts","how to compare workouts; reps vs weight progression",problem-solution,/tools/progressive-overload-calculator,5,5,4,4,5,3,667,P0,UNKNOWN,UNKNOWN,UNKNOWN,"Ungated two-set tool; comparable-set caveats; links to product"
"workout volume arithmetic","workout volume calculator; training volume calculator",tool,/tools/workout-volume-calculator,5,5,4,3,5,3,500,P0,UNKNOWN,UNKNOWN,UNKNOWN,"Per-exercise load breakdown; sets/reps; CSV; explicit tonnage limits"
"progressive overload method","how to track progressive overload; when to increase weight",informational,/guides/how-to-track-progressive-overload,5,5,4,4,4,4,400,P1_REVIEW,UNKNOWN,UNKNOWN,UNKNOWN,"Human evidence review required; do not prescribe next weight"
"progressive overload tracker","progressive overload tracker; progressive overload app",commercial,/progressive-overload-tracker,5,5,3,5,4,4,375,P0,UNKNOWN,UNKNOWN,UNKNOWN,"Real previous-set UI and history; transparent pre-launch CTA"
"workout analytics","workout analytics; strength progress tracker",commercial,/workout-analytics,5,4,4,5,4,5,320,P0,UNKNOWN,UNKNOWN,UNKNOWN,"Actual analytics recording and multi-signal interpretation"
"workout tracking","workout tracker; gym workout tracker; workout log",commercial,/workout-tracker,5,5,2,5,4,5,200,P0_SUPPORT,UNKNOWN,UNKNOWN,UNKNOWN,"Category competitive; real logging proof; do not rely on head-term rank"
"review workout progress","how to track workout progress; how to know if getting stronger",informational,/guides/how-to-track-workout-progress,5,4,3,3,4,4,180,P1_REVIEW,UNKNOWN,UNKNOWN,UNKNOWN,"Four-session example; review before indexation"
"training and nutrition app","workout and nutrition tracker; strength training and nutrition app",commercial,/workout-analytics,5,4,2,5,3,5,120,DEFER,UNKNOWN,UNKNOWN,UNKNOWN,"Needs distinct joint-workflow proof for standalone URL"
"one rep max","one rep max calculator; estimated 1RM calculator",tool,/tools/progressive-overload-calculator,5,5,2,2,5,5,100,DEFER,UNKNOWN,UNKNOWN,UNKNOWN,"Epley within comparison; standalone SERP mature and saturated"
"training split choice","PPL vs upper lower; best 3 day workout split",informational,,3,4,2,2,3,5,29,DEFER,UNKNOWN,UNKNOWN,UNKNOWN,"Requires schedule simulator and reviewed evidence"
"creatine hair loss","creatine hair loss; creatine side effects",health,,1,4,1,1,2,5,2,REJECT_INITIAL,UNKNOWN,UNKNOWN,UNKNOWN,"Low DAUNTRA proximity and elevated evidence-review cost"
